cenario,padrao_trafego,acordo,cifra,num_msgs,msgs_por_rotacao,rotacoes,kem_ms_mean,kem_ms_std,kem_ms_ci95,cipher_ms_mean,cipher_ms_std,cipher_ms_ci95,kem_bw_mean,kem_bw_std,kem_bw_ci95,msg_bw_mean,msg_bw_std,msg_bw_ci95,text_msgs,image_msgs,file_msgs,system_msgs,kem_normal,cipher_normal,kem_bw_normal,msg_bw_normal,kem_stat_type,cipher_stat_type,kem_bw_stat_type,msg_bw_stat_type,kem_outliers,cipher_outliers,kem_bw_outliers,msg_bw_outliers,kem_extreme_outliers,cipher_extreme_outliers,kem_bw_extreme_outliers,msg_bw_extreme_outliers,kem_sample_size,cipher_sample_size,kem_bw_sample_size,msg_bw_sample_size
SmallChat,Constant,Olm-Clássico,AES-GCM,100,100,1,0.1663,0.0012,0.0003,1166.8062,20.9203,5.7988,32.00,0.00,0.00,1205279.62,549823.92,152403.41,87.9,12.1,0.0,0.0,true,true,true,true,parametric,parametric,parametric,parametric,6,0,0,1,6,0,0,0,44,50,50,50
SmallChat,Constant,Olm-Clássico,ChaCha20,100,100,1,0.1665,0.0011,0.0003,1167.7162,22.2581,6.1696,32.00,0.00,0.00,1237017.58,619581.99,171739.37,87.9,12.1,0.0,0.0,true,true,true,true,parametric,parametric,parametric,parametric,5,1,0,1,3,0,0,0,45,50,50,50
SmallChat,Constant,Olm-Clássico,Megolm-Like,100,100,1,0.1665,0.0011,0.0003,1165.9903,19.0922,5.2921,32.00,0.00,0.00,1260678.36,552274.73,153082.75,87.2,12.8,0.0,0.0,true,true,true,true,parametric,parametric,parametric,parametric,3,1,0,1,2,0,0,0,47,50,50,50
SmallChat,Constant,Olm-Híbrido,AES-GCM,100,100,1,0.2962,0.0116,0.0033,1167.1346,17.8745,4.9546,2304.00,0.00,0.00,1214277.20,508197.94,140865.28,87.9,12.1,0.0,0.0,true,true,true,true,parametric,parametric,parametric,parametric,3,0,0,2,1,0,0,0,47,50,50,50
SmallChat,Constant,Olm-Híbrido,ChaCha20,100,100,1,0.2984,0.0091,0.0026,1161.7730,20.5902,5.7073,2304.00,0.00,0.00,1085786.06,555327.26,153928.86,88.8,11.2,0.0,0.0,true,true,true,true,parametric,parametric,parametric,parametric,1,1,0,1,1,0,0,0,49,50,50,50
SmallChat,Constant,Olm-Híbrido,Megolm-Like,100,100,1,0.2960,0.0093,0.0027,1163.2893,18.1893,5.0418,2304.00,0.00,0.00,1173964.58,522951.09,144954.65,88.0,12.0,0.0,0.0,true,true,true,true,parametric,parametric,parametric,parametric,4,0,0,0,4,0,0,0,46,50,50,50
SmallChat,Burst,Olm-Clássico,AES-GCM,100,100,1,0.1637,0.0002,0.0001,9073.0822,7.8819,2.1848,32.00,0.00,0.00,1205203.88,462320.84,128148.80,87.1,12.9,0.0,0.0,true,true,true,true,parametric,parametric,parametric,parametric,9,0,0,0,6,0,0,0,41,50,50,50
SmallChat,Burst,Olm-Clássico,ChaCha20,100,100,1,0.1637,0.0003,0.0001,9072.3701,10.0193,2.7772,32.00,0.00,0.00,1294891.12,661370.52,183322.56,88.1,11.9,0.0,0.0,true,true,true,true,parametric,parametric,parametric,parametric,8,1,0,3,7,0,0,0,42,50,50,50
SmallChat,Burst,Olm-Clássico,Megolm-Like,100,100,1,0.1637,0.0003,0.0001,9073.0118,7.4912,2.0765,32.00,0.00,0.00,924184.07,297686.27,87960.67,88.5,11.5,0.0,0.0,true,true,true,true,parametric,parametric,parametric,parametric,6,1,0,6,5,0,0,1,44,50,50,44
SmallChat,Burst,Olm-Híbrido,AES-GCM,100,100,1,0.2713,0.0012,0.0004,9072.4883,10.4784,2.9045,2304.00,0.00,0.00,1211378.00,633966.16,175726.45,88.2,11.8,0.0,0.0,true,true,true,true,parametric,parametric,parametric,parametric,9,2,0,3,7,0,0,0,41,50,50,50
SmallChat,Burst,Olm-Híbrido,ChaCha20,100,100,1,0.2710,0.0017,0.0005,9072.3832,7.1636,1.9856,2304.00,0.00,0.00,1202926.44,435482.86,127239.18,88.0,12.0,0.0,0.0,true,true,true,true,parametric,parametric,parametric,parametric,8,3,0,5,8,0,0,2,42,50,50,45
SmallChat,Burst,Olm-Híbrido,Megolm-Like,100,100,1,0.2713,0.0016,0.0005,9072.3086,7.3148,2.0276,2304.00,0.00,0.00,1084174.06,507851.27,140769.19,87.7,12.3,0.0,0.0,true,true,true,true,parametric,parametric,parametric,parametric,9,0,0,2,8,0,0,0,41,50,50,50
SmallChat,Periodic,Olm-Clássico,AES-GCM,100,100,1,0.1650,0.0007,0.0002,4026.7436,240.2606,66.5968,32.00,0.00,0.00,1237795.18,529674.17,146818.19,87.4,12.6,0.0,0.0,true,true,true,true,parametric,parametric,parametric,parametric,8,0,0,0,6,0,0,0,42,50,50,50
SmallChat,Periodic,Olm-Clássico,ChaCha20,100,100,1,0.1652,0.0007,0.0002,4025.4099,286.3993,79.3858,32.00,0.00,0.00,1041500.78,452450.45,125412.87,87.9,12.1,0.0,0.0,true,true,true,true,parametric,parametric,parametric,parametric,10,1,0,1,7,0,0,0,40,50,50,50
SmallChat,Periodic,Olm-Clássico,Megolm-Like,100,100,1,0.1655,0.0005,0.0001,4022.0772,230.6394,63.9300,32.00,0.00,0.00,1132518.08,509714.55,141285.66,87.4,12.6,0.0,0.0,true,true,true,true,parametric,parametric,parametric,parametric,12,1,0,0,3,0,0,0,38,50,50,50
SmallChat,Periodic,Olm-Híbrido,AES-GCM,100,100,1,0.2876,0.0105,0.0030,4069.8380,247.4834,68.5989,2304.00,0.00,0.00,1137371.00,660615.47,183113.27,88.6,11.4,0.0,0.0,true,true,true,true,parametric,parametric,parametric,parametric,3,1,0,1,2,0,0,0,47,50,50,50
SmallChat,Periodic,Olm-Híbrido,ChaCha20,100,100,1,0.2868,0.0091,0.0027,4070.4601,246.2638,68.2608,2304.00,0.00,0.00,1214133.96,597710.00,165676.76,87.7,12.3,0.0,0.0,true,true,true,true,parametric,parametric,parametric,parametric,6,0,0,1,3,0,0,0,44,50,50,50
SmallChat,Periodic,Olm-Híbrido,Megolm-Like,100,100,1,0.2898,0.0139,0.0040,4058.2195,261.6989,72.5392,2304.00,0.00,0.00,1188738.94,569794.20,157938.90,88.2,11.8,0.0,0.0,true,true,true,true,parametric,parametric,parametric,parametric,3,1,0,1,3,0,0,0,47,50,50,50
SmallChat,Random,Olm-Clássico,AES-GCM,100,100,1,0.1651,0.0011,0.0003,3488.9450,279.0833,77.3579,32.00,0.00,0.00,1107460.22,586460.24,162558.48,87.8,12.2,0.0,0.0,true,true,true,true,parametric,parametric,parametric,parametric,5,1,0,0,4,0,0,0,45,50,50,50
SmallChat,Random,Olm-Clássico,ChaCha20,100,100,1,0.1651,0.0010,0.0003,3416.7261,269.6831,74.7523,32.00,0.00,0.00,944934.92,420695.05,116610.72,88.4,11.6,0.0,0.0,true,true,true,true,parametric,parametric,parametric,parametric,4,0,0,1,2,0,0,0,46,50,50,50
SmallChat,Random,Olm-Clássico,Megolm-Like,100,100,1,0.1651,0.0009,0.0003,3421.4694,270.1236,74.8744,32.00,0.00,0.00,1127678.16,585773.26,162368.06,88.2,11.8,0.0,0.0,true,true,true,true,parametric,parametric,parametric,parametric,5,0,0,1,4,0,0,0,45,50,50,50
SmallChat,Random,Olm-Híbrido,AES-GCM,100,100,1,0.2831,0.0092,0.0027,3395.2963,291.8472,80.8959,2304.00,0.00,0.00,979146.64,385460.21,110201.29,88.3,11.7,0.0,0.0,true,true,true,true,parametric,parametric,parametric,parametric,4,1,0,3,4,0,0,1,46,50,50,47
SmallChat,Random,Olm-Híbrido,ChaCha20,100,100,1,0.2821,0.0065,0.0019,3396.4050,306.2751,84.8951,2304.00,0.00,0.00,1229615.92,579244.01,160558.25,88.0,12.0,0.0,0.0,true,true,true,true,parametric,parametric,parametric,parametric,7,0,0,1,1,0,0,0,43,50,50,50
SmallChat,Random,Olm-Híbrido,Megolm-Like,100,100,1,0.2837,0.0126,0.0036,3463.0468,249.6144,69.1896,2304.00,0.00,0.00,1106631.90,527996.98,146353.30,87.7,12.3,0.0,0.0,true,true,true,true,parametric,parametric,parametric,parametric,3,0,0,2,1,0,0,0,47,50,50,50
SmallChat,Realistic,Olm-Clássico,AES-GCM,100,100,1,0.1654,0.0004,0.0001,5047.4504,481.5383,133.4756,32.00,0.00,0.00,1216997.86,566840.63,157120.21,87.9,12.1,0.0,0.0,true,true,true,true,parametric,parametric,parametric,parametric,15,0,0,1,8,0,0,0,35,50,50,50
SmallChat,Realistic,Olm-Clássico,ChaCha20,100,100,1,0.1655,0.0006,0.0002,5117.8054,484.8365,134.3898,32.00,0.00,0.00,1162581.96,547107.95,151650.59,87.8,12.2,0.0,0.0,true,true,true,true,parametric,parametric,parametric,parametric,13,1,0,2,4,0,0,0,37,50,50,50
SmallChat,Realistic,Olm-Clássico,Megolm-Like,100,100,1,0.1653,0.0004,0.0001,5050.2349,431.2374,119.5329,32.00,0.00,0.00,1193473.34,560116.66,155256.42,87.9,12.1,0.0,0.0,true,true,true,true,parametric,parametric,parametric,parametric,17,0,0,2,8,0,0,0,33,50,50,50
SmallChat,Realistic,Olm-Híbrido,AES-GCM,100,100,1,0.2846,0.0103,0.0030,5223.5548,488.8732,135.5087,2304.00,0.00,0.00,1129919.00,574071.44,159124.48,88.5,11.5,0.0,0.0,true,true,true,true,parametric,parametric,parametric,parametric,5,0,0,3,3,0,0,0,45,50,50,50
SmallChat,Realistic,Olm-Híbrido,ChaCha20,100,100,1,0.2880,0.0096,0.0028,5110.6985,420.7421,116.6238,2304.00,0.00,0.00,1084027.90,437791.13,123851.83,88.7,11.3,0.0,0.0,true,true,true,true,parametric,parametric,parametric,parametric,3,1,0,2,1,0,0,1,47,50,50,48
SmallChat,Realistic,Olm-Híbrido,Megolm-Like,100,100,1,0.2888,0.0109,0.0032,5123.4838,466.5078,129.3094,2304.00,0.00,0.00,1229740.74,566100.24,156914.98,87.1,12.9,0.0,0.0,true,true,true,true,parametric,parametric,parametric,parametric,5,0,0,3,5,0,0,0,45,50,50,50
MediumGroup,Constant,Olm-Clássico,AES-GCM,250,50,5,0.8305,0.0020,0.0006,3268.7397,198.6515,55.0634,160.00,0.00,0.00,29849760.78,13555639.15,3757431.47,188.5,43.7,17.8,0.0,true,true,true,true,parametric,parametric,parametric,parametric,11,0,0,0,9,0,0,0,39,50,50,50
MediumGroup,Constant,Olm-Clássico,ChaCha20,250,50,5,0.8394,0.0110,0.0032,3195.5015,189.9814,52.6602,160.00,0.00,0.00,24657306.40,11967664.38,3317267.32,188.4,44.6,17.0,0.0,true,true,true,true,parametric,parametric,parametric,parametric,5,2,0,2,2,0,0,0,45,50,50,50
MediumGroup,Constant,Olm-Clássico,Megolm-Like,250,50,5,0.8326,0.0060,0.0019,3298.2057,217.0506,60.1633,160.00,0.00,0.00,33038134.22,15255493.55,4228607.07,187.3,45.0,17.7,0.0,true,true,true,true,parametric,parametric,parametric,parametric,12,0,0,0,12,0,0,0,38,50,50,50
MediumGroup,Constant,Olm-Híbrido,AES-GCM,250,50,5,1.4768,0.0258,0.0079,3210.9021,167.4823,46.4237,11520.00,0.00,0.00,25462448.84,10875895.71,3014644.49,188.5,45.3,16.2,0.0,true,true,true,true,parametric,parametric,parametric,parametric,9,0,0,0,3,0,0,0,41,50,50,50
MediumGroup,Constant,Olm-Híbrido,ChaCha20,250,50,5,1.4807,0.0307,0.0090,3263.3526,214.6915,59.5094,11520.00,0.00,0.00,29076609.14,14058860.54,3896917.32,188.1,45.1,16.8,0.0,true,true,true,true,parametric,parametric,parametric,parametric,5,0,0,1,2,0,0,0,45,50,50,50
MediumGroup,Constant,Olm-Híbrido,Megolm-Like,250,50,5,1.4721,0.0807,0.0224,3241.2286,171.7118,47.5961,11520.00,0.00,0.00,28636304.92,11753761.90,3257976.58,187.0,45.5,17.5,0.0,true,true,true,true,parametric,parametric,parametric,parametric,7,0,0,1,0,0,0,0,50,50,50,50
MediumGroup,Burst,Olm-Clássico,AES-GCM,250,50,5,0.8296,0.0015,0.0005,22233.6458,23.1007,6.7496,160.00,0.00,0.00,30549234.78,14145901.13,3921043.75,187.2,44.6,18.2,0.0,true,true,true,true,parametric,parametric,parametric,parametric,15,5,0,2,12,3,0,0,35,45,50,50
MediumGroup,Burst,Olm-Clássico,ChaCha20,250,50,5,0.8327,0.0077,0.0024,22247.5289,39.7226,11.0105,160.00,0.00,0.00,33844847.74,12291746.50,3407098.30,186.4,44.9,18.8,0.0,true,true,true,true,parametric,parametric,parametric,parametric,10,3,0,0,6,0,0,0,40,50,50,50
MediumGroup,Burst,Olm-Clássico,Megolm-Like,250,50,5,0.8322,0.0059,0.0018,22240.3573,40.1152,11.1194,160.00,0.00,0.00,31721081.82,14010929.65,3883631.56,186.9,44.8,18.3,0.0,true,true,true,true,parametric,parametric,parametric,parametric,8,2,0,0,5,0,0,0,42,50,50,50
MediumGroup,Burst,Olm-Híbrido,AES-GCM,250,50,5,1.4665,0.0161,0.0050,22239.0716,24.9775,7.1409,11520.00,0.00,0.00,28229016.04,12869155.36,3567147.87,186.5,45.9,17.6,0.0,true,true,true,true,parametric,parametric,parametric,parametric,10,3,0,0,7,2,0,0,40,47,50,50
MediumGroup,Burst,Olm-Híbrido,ChaCha20,250,50,5,1.4565,0.0163,0.0049,22232.6490,20.3000,5.9312,11520.00,0.00,0.00,28023652.58,14197009.00,3935210.12,189.7,43.9,16.4,0.0,true,true,true,true,parametric,parametric,parametric,parametric,7,5,0,0,6,4,0,0,43,45,50,50
MediumGroup,Burst,Olm-Híbrido,Megolm-Like,250,50,5,1.4770,0.0274,0.0083,22233.5471,24.3640,6.8926,11520.00,0.00,0.00,30899891.30,14273696.29,3956466.76,186.4,45.3,18.3,0.0,true,true,true,true,parametric,parametric,parametric,parametric,8,2,0,0,5,1,0,0,42,48,50,50
MediumGroup,Periodic,Olm-Clássico,AES-GCM,250,50,5,0.8345,0.0074,0.0023,12272.0783,665.1899,186.2532,160.00,0.00,0.00,31878916.98,15279125.14,4235157.41,185.8,45.9,18.3,0.0,true,true,true,true,parametric,parametric,parametric,parametric,9,1,0,3,9,1,0,0,41,49,50,50
MediumGroup,Periodic,Olm-Clássico,ChaCha20,250,50,5,0.8354,0.0076,0.0024,12051.3012,621.0129,172.1360,160.00,0.00,0.00,28904950.78,14289142.88,3960748.33,187.3,46.0,16.8,0.0,true,true,true,true,parametric,parametric,parametric,parametric,13,2,0,0,10,0,0,0,37,50,50,50
MediumGroup,Periodic,Olm-Clássico,Megolm-Like,250,50,5,0.8329,0.0057,0.0018,12092.1860,590.7534,165.4110,160.00,0.00,0.00,30553217.20,11946237.76,3311328.17,187.1,44.7,18.2,0.0,true,true,true,true,parametric,parametric,parametric,parametric,11,1,0,1,8,1,0,0,39,49,50,50
MediumGroup,Periodic,Olm-Híbrido,AES-GCM,250,50,5,1.4980,0.0421,0.0126,12082.4371,445.8228,126.1240,11520.00,0.00,0.00,28412018.78,11092724.79,3074746.44,189.1,44.3,16.6,0.0,true,true,true,true,parametric,parametric,parametric,parametric,7,2,0,1,3,1,0,0,43,48,50,50
MediumGroup,Periodic,Olm-Híbrido,ChaCha20,250,50,5,1.4808,0.0253,0.0074,12083.1248,553.8035,153.5065,11520.00,0.00,0.00,31557051.82,13469316.55,3733504.07,184.7,47.2,18.0,0.0,true,true,true,true,parametric,parametric,parametric,parametric,5,4,0,0,4,0,0,0,45,50,50,50
MediumGroup,Periodic,Olm-Híbrido,Megolm-Like,250,50,5,1.4981,0.0281,0.0079,11987.5046,534.8091,154.5525,11520.00,0.00,0.00,32185476.62,16424846.23,4552735.10,185.7,46.8,17.6,0.0,true,true,true,true,parametric,parametric,parametric,parametric,1,4,0,2,1,1,0,0,49,46,50,50
MediumGroup,Random,Olm-Clássico,AES-GCM,250,50,5,0.8309,0.0020,0.0082,9074.6209,444.0562,123.0861,160.00,0.00,0.00,24575932.64,12855703.74,3563419.27,188.7,44.3,17.0,0.0,false,true,true,true,robust,parametric,parametric,parametric,12,1,0,1,10,0,0,0,38,50,50,50
MediumGroup,Random,Olm-Clássico,ChaCha20,250,50,5,0.8341,0.0063,0.0019,9071.2849,470.9799,130.5490,160.00,0.00,0.00,25817516.23,10878324.55,3077495.77,187.6,44.6,17.7,0.0,true,true,true,true,parametric,parametric,parametric,parametric,8,0,0,2,6,0,0,1,42,50,50,48
MediumGroup,Random,Olm-Clássico,Megolm-Like,250,50,5,0.8328,0.0059,0.0018,8990.4116,465.0474,128.9046,160.00,0.00,0.00,23684789.07,8610266.94,2488248.62,188.0,44.7,17.2,0.0,true,true,true,true,parametric,parametric,parametric,parametric,6,1,0,4,6,0,0,1,44,50,50,46
MediumGroup,Random,Olm-Híbrido,AES-GCM,250,50,5,1.4900,0.0365,0.0103,9181.3860,453.0242,125.5719,11520.00,0.00,0.00,30854293.20,13117361.52,3635947.11,186.0,46.9,17.1,0.0,true,true,true,true,parametric,parametric,parametric,parametric,2,0,0,0,1,0,0,0,48,50,50,50
MediumGroup,Random,Olm-Híbrido,ChaCha20,250,50,5,1.4713,0.0199,0.0059,9002.2202,496.7486,137.6917,11520.00,0.00,0.00,26138282.38,11606297.66,3217101.58,190.0,43.7,16.3,0.0,true,true,true,true,parametric,parametric,parametric,parametric,6,0,0,0,4,0,0,0,44,50,50,50
MediumGroup,Random,Olm-Híbrido,Megolm-Like,250,50,5,1.4862,0.0220,0.0066,9061.3366,534.7560,148.2268,11520.00,0.00,0.00,28624601.26,13716801.84,3802103.49,188.3,44.8,16.9,0.0,true,true,true,true,parametric,parametric,parametric,parametric,8,5,0,0,1,0,0,0,42,50,50,50
MediumGroup,Realistic,Olm-Clássico,AES-GCM,250,50,5,0.8309,0.0018,0.0006,13403.3650,716.2949,198.5468,160.00,0.00,0.00,28876542.08,13006071.46,3605099.08,187.2,44.7,18.0,0.0,true,true,true,true,parametric,parametric,parametric,parametric,8,0,0,0,8,0,0,0,42,50,50,50
MediumGroup,Realistic,Olm-Clássico,ChaCha20,250,50,5,0.8339,0.0067,0.0020,13250.8050,695.9054,192.8951,160.00,0.00,0.00,28850121.80,13280840.11,3681261.06,186.8,45.4,17.8,0.0,true,true,true,true,parametric,parametric,parametric,parametric,6,0,0,1,3,0,0,0,44,50,50,50
MediumGroup,Realistic,Olm-Clássico,Megolm-Like,250,50,5,0.8316,0.0027,0.0009,13213.1460,710.4574,196.9287,160.00,0.00,0.00,31227757.66,16425292.44,4552858.78,187.5,45.3,17.1,0.0,true,true,true,true,parametric,parametric,parametric,parametric,12,1,0,1,8,0,0,0,38,50,50,50
MediumGroup,Realistic,Olm-Híbrido,AES-GCM,250,50,5,1.4996,0.0360,0.0101,13318.0204,609.8905,169.0530,11520.00,0.00,0.00,30927480.84,15080529.32,4180109.46,187.5,45.0,17.4,0.0,true,true,true,true,parametric,parametric,parametric,parametric,1,0,0,2,1,0,0,0,49,50,50,50
MediumGroup,Realistic,Olm-Híbrido,ChaCha20,250,50,5,1.5129,0.0802,0.0222,13226.8369,688.4375,190.8251,11520.00,0.00,0.00,27746087.72,13462846.72,3731710.72,187.4,44.9,17.6,0.0,true,true,true,true,parametric,parametric,parametric,parametric,6,0,0,1,0,0,0,0,50,50,50,50
MediumGroup,Realistic,Olm-Híbrido,Megolm-Like,250,50,5,1.4850,0.0217,0.0064,13246.1779,778.9884,215.9246,11520.00,0.00,0.00,28783704.50,10670904.48,2957823.82,187.9,45.6,16.6,0.0,true,true,true,true,parametric,parametric,parametric,parametric,6,0,0,0,5,0,0,0,44,50,50,50
LargeChannel,Constant,Olm-Clássico,AES-GCM,500,25,20,3.2960,0.0663,0.0184,6612.8307,334.8618,92.8189,640.00,0.00,0.00,69612737.62,22697550.08,6291439.90,301.0,109.3,40.8,48.9,true,true,true,true,parametric,parametric,parametric,parametric,1,2,0,1,0,0,0,0,50,50,50,50
LargeChannel,Constant,Olm-Clássico,ChaCha20,500,25,20,3.3248,0.0686,0.0190,6600.4646,227.5721,63.0798,640.00,0.00,0.00,67394277.64,15813618.01,4383311.28,298.8,111.6,40.0,49.6,true,true,true,true,parametric,parametric,parametric,parametric,5,1,0,0,0,0,0,0,50,50,50,50
LargeChannel,Constant,Olm-Clássico,Megolm-Like,500,25,20,3.3334,0.0524,0.0145,6561.0988,313.1637,86.8046,640.00,0.00,0.00,67735415.76,22188845.35,6150434.14,298.1,110.6,41.2,50.0,true,true,true,true,parametric,parametric,parametric,parametric,6,1,0,0,0,0,0,0,50,50,50,50
LargeChannel,Constant,Olm-Híbrido,AES-GCM,500,25,20,5.8956,0.1178,0.0327,6558.1976,302.7910,83.9294,46080.00,0.00,0.00,64581603.80,20721685.61,5743758.21,302.3,109.1,39.1,49.4,true,true,true,true,parametric,parametric,parametric,parametric,1,0,0,0,0,0,0,0,50,50,50,50
LargeChannel,Constant,Olm-Híbrido,ChaCha20,500,25,20,5.8170,0.1265,0.0351,6501.1830,284.3130,78.8075,46080.00,0.00,0.00,60959310.70,18552805.88,5142575.42,297.7,110.7,39.9,51.7,true,true,true,true,parametric,parametric,parametric,parametric,1,1,0,1,0,0,0,0,50,50,50,50
LargeChannel,Constant,Olm-Híbrido,Megolm-Like,500,25,20,5.8810,0.1346,0.0373,6557.0451,266.5693,73.8892,46080.00,0.00,0.00,68262749.36,19158588.57,5310489.82,300.7,109.4,39.7,50.2,true,true,true,true,parametric,parametric,parametric,parametric,1,0,0,0,0,0,0,0,50,50,50,50
LargeChannel,Burst,Olm-Clássico,AES-GCM,500,25,20,3.3177,0.0932,0.0258,45310.9874,23.3597,6.7506,640.00,0.00,0.00,69568123.44,20807776.87,5767621.49,301.3,108.3,40.8,49.7,true,true,true,true,parametric,parametric,parametric,parametric,3,4,0,0,0,2,0,0,50,46,50,50
LargeChannel,Burst,Olm-Clássico,ChaCha20,500,25,20,3.3568,0.0546,0.0161,45314.6408,43.0459,11.9317,640.00,0.00,0.00,67652345.28,18331054.20,5081108.99,300.9,108.2,38.8,52.1,true,true,true,true,parametric,parametric,parametric,parametric,6,3,0,0,1,0,0,0,44,50,50,50
LargeChannel,Burst,Olm-Clássico,Megolm-Like,500,25,20,3.3401,0.0311,0.0094,45299.8294,19.7733,5.8426,640.00,0.00,0.00,70928398.22,21672410.85,6007285.80,303.1,108.5,39.2,49.2,true,true,true,true,parametric,parametric,parametric,parametric,8,6,0,0,3,3,0,0,42,44,50,50
LargeChannel,Burst,Olm-Híbrido,AES-GCM,500,25,20,5.9715,0.1155,0.0320,45310.2050,28.7489,8.3080,46080.00,0.00,0.00,67399898.58,21444858.86,5944211.61,300.2,111.1,40.1,48.6,true,true,true,true,parametric,parametric,parametric,parametric,1,4,0,0,0,3,0,0,50,46,50,50
LargeChannel,Burst,Olm-Híbrido,ChaCha20,500,25,20,5.9478,0.1190,0.0340,45307.8876,21.8239,6.0493,46080.00,0.00,0.00,60609741.35,10717704.46,3203491.83,301.0,108.6,39.6,50.9,true,true,true,true,parametric,parametric,parametric,parametric,3,2,0,7,1,0,0,1,47,50,50,43
LargeChannel,Burst,Olm-Híbrido,Megolm-Like,500,25,20,5.9867,0.1152,0.0319,45311.4946,23.7505,6.7902,46080.00,0.00,0.00,61162296.30,20894923.57,5791777.32,301.0,109.5,40.1,49.4,true,true,true,true,parametric,parametric,parametric,parametric,3,3,0,0,0,3,0,0,50,47,50,50
LargeChannel,Periodic,Olm-Clássico,AES-GCM,500,25,20,3.3675,0.0824,0.0228,23902.5334,1069.4052,296.4240,640.00,0.00,0.00,69209238.10,22508299.16,6238982.22,298.9,110.4,41.4,49.3,true,true,true,true,parametric,parametric,parametric,parametric,1,2,0,0,0,0,0,0,50,50,50,50
LargeChannel,Periodic,Olm-Clássico,ChaCha20,500,25,20,3.3440,0.0296,0.0091,24242.6856,1103.5892,305.8993,640.00,0.00,0.00,68056993.00,22760361.73,6308850.40,301.1,110.9,40.2,47.8,true,true,true,true,parametric,parametric,parametric,parametric,9,3,0,0,1,0,0,0,41,50,50,50
LargeChannel,Periodic,Olm-Clássico,Megolm-Like,500,25,20,3.3366,0.0575,0.0168,23722.4011,687.0044,196.4114,640.00,0.00,0.00,74141825.38,21162893.94,5866054.92,300.4,109.6,40.2,49.7,true,true,true,true,parametric,parametric,parametric,parametric,5,3,0,0,1,2,0,0,45,47,50,50
LargeChannel,Periodic,Olm-Híbrido,AES-GCM,500,25,20,5.9604,0.1176,0.0326,23947.9483,662.9502,183.7604,46080.00,0.00,0.00,69209277.42,21827059.58,6050152.24,300.7,110.2,39.7,49.4,true,true,true,true,parametric,parametric,parametric,parametric,1,0,0,2,0,0,0,0,50,50,50,50
LargeChannel,Periodic,Olm-Híbrido,ChaCha20,500,25,20,5.9604,0.1253,0.0347,23787.4445,742.2302,207.8244,46080.00,0.00,0.00,67036255.44,20651355.37,5724263.66,298.6,111.4,39.3,50.7,true,true,true,true,parametric,parametric,parametric,parametric,1,1,0,1,0,1,0,0,50,49,50,50
LargeChannel,Periodic,Olm-Híbrido,Megolm-Like,500,25,20,5.9910,0.1095,0.0303,24002.5224,1185.4555,328.5915,46080.00,0.00,0.00,67087242.06,18371691.85,5092373.17,298.1,111.1,40.3,50.6,true,true,true,true,parametric,parametric,parametric,parametric,0,5,0,0,0,0,0,0,50,50,50,50
LargeChannel,Random,Olm-Clássico,AES-GCM,500,25,20,3.3221,0.0496,0.0147,18294.9274,574.3196,159.1933,640.00,0.00,0.00,63790604.02,17354786.10,4810501.28,302.6,110.2,38.3,48.9,true,true,true,true,parametric,parametric,parametric,parametric,6,1,0,0,2,0,0,0,44,50,50,50
LargeChannel,Random,Olm-Clássico,ChaCha20,500,25,20,3.3356,0.0216,0.0070,18093.0947,614.1893,170.2446,640.00,0.00,0.00,60783059.96,18435005.11,5109922.71,300.5,108.8,42.0,48.7,true,true,true,true,parametric,parametric,parametric,parametric,13,0,0,0,5,0,0,0,37,50,50,50
LargeChannel,Random,Olm-Clássico,Megolm-Like,500,25,20,3.3205,0.0810,0.0224,18328.0698,660.0617,182.9598,640.00,0.00,0.00,70625179.94,17597681.49,4877828.45,300.3,110.4,39.7,49.5,true,true,true,true,parametric,parametric,parametric,parametric,5,0,0,1,0,0,0,0,50,50,50,50
LargeChannel,Random,Olm-Híbrido,AES-GCM,500,25,20,5.9358,0.1083,0.0303,18468.1258,759.4245,210.5017,46080.00,0.00,0.00,66666584.70,20739462.85,5748685.81,299.3,110.6,39.9,50.2,true,true,true,true,parametric,parametric,parametric,parametric,1,1,0,1,1,0,0,0,49,50,50,50
LargeChannel,Random,Olm-Híbrido,ChaCha20,500,25,20,5.9395,0.1185,0.0329,18247.5544,533.8865,147.9858,46080.00,0.00,0.00,68162399.84,21495358.27,5958209.33,301.2,108.0,38.6,52.1,true,true,true,true,parametric,parametric,parametric,parametric,0,3,0,0,0,0,0,0,50,50,50,50
LargeChannel,Random,Olm-Híbrido,Megolm-Like,500,25,20,6.0030,0.1286,0.0356,18401.3709,646.4211,179.1788,46080.00,0.00,0.00,58228229.42,18187282.72,5041257.57,299.6,109.2,40.3,50.9,true,true,true,true,parametric,parametric,parametric,parametric,3,2,0,0,0,0,0,0,50,50,50,50
LargeChannel,Realistic,Olm-Clássico,AES-GCM,500,25,20,3.3434,0.0564,0.0156,26669.4411,1010.4054,280.0701,640.00,0.00,0.00,66026415.02,22760910.15,6309002.41,302.2,108.7,39.2,49.9,true,true,true,true,parametric,parametric,parametric,parametric,1,0,0,0,0,0,0,0,50,50,50,50
LargeChannel,Realistic,Olm-Clássico,ChaCha20,500,25,20,3.3594,0.0613,0.0170,27013.3580,879.5900,243.8099,640.00,0.00,0.00,67858167.72,21380846.31,5926468.23,299.7,109.3,40.2,50.8,true,true,true,true,parametric,parametric,parametric,parametric,5,1,0,0,0,0,0,0,50,50,50,50
LargeChannel,Realistic,Olm-Clássico,Megolm-Like,500,25,20,3.3506,0.0516,0.0154,26443.3728,1170.5010,324.4463,640.00,0.00,0.00,67322837.62,22502266.28,6237309.99,297.6,110.0,40.9,51.5,true,true,true,true,parametric,parametric,parametric,parametric,7,1,0,2,1,0,0,0,43,50,50,50
LargeChannel,Realistic,Olm-Híbrido,AES-GCM,500,25,20,5.9974,0.1207,0.0335,26686.9328,927.1867,257.0030,46080.00,0.00,0.00,61248478.78,20427210.60,5662133.90,298.6,110.6,40.7,50.1,true,true,true,true,parametric,parametric,parametric,parametric,1,0,0,0,0,0,0,0,50,50,50,50
LargeChannel,Realistic,Olm-Híbrido,ChaCha20,500,25,20,5.9826,0.1410,0.0391,26789.3077,1121.5944,310.8901,46080.00,0.00,0.00,70861399.36,24390614.29,6760733.35,298.3,109.8,40.2,51.7,true,true,true,true,parametric,parametric,parametric,parametric,1,0,0,2,0,0,0,0,50,50,50,50
LargeChannel,Realistic,Olm-Híbrido,Megolm-Like,500,25,20,6.0003,0.1239,0.0343,26612.9046,1113.3984,308.6183,46080.00,0.00,0.00,67172595.98,18830695.00,5219602.35,300.2,108.7,40.6,50.5,true,true,true,true,parametric,parametric,parametric,parametric,1,2,0,4,0,0,0,0,50,50,50,50
SystemChannel,Constant,Olm-Clássico,AES-GCM,1000,10,100,16.5186,0.2780,0.0771,14274.5980,558.7338,154.8731,3200.00,0.00,0.00,211229217.84,33760364.06,9357895.49,249.4,102.7,149.5,498.4,true,true,true,true,parametric,parametric,parametric,parametric,3,1,0,0,0,0,0,0,50,50,50,50
SystemChannel,Constant,Olm-Clássico,ChaCha20,1000,10,100,16.5125,0.1902,0.0527,14486.1946,623.1555,172.7299,3200.00,0.00,0.00,227424203.14,41716828.19,11563314.82,245.3,103.2,149.4,502.1,true,true,true,true,parametric,parametric,parametric,parametric,2,0,0,0,0,0,0,0,50,50,50,50
SystemChannel,Constant,Olm-Clássico,Megolm-Like,1000,10,100,16.4978,0.1439,0.0399,14282.9568,569.5521,157.8718,3200.00,0.00,0.00,221305545.02,39399897.96,10921094.53,249.3,97.9,149.0,503.9,true,true,true,true,parametric,parametric,parametric,parametric,1,0,0,0,0,0,0,0,50,50,50,50
SystemChannel,Constant,Olm-Híbrido,AES-GCM,1000,10,100,29.0151,0.4062,0.1126,14445.6499,523.1341,145.0054,230400.00,0.00,0.00,220798274.54,35493134.05,9838194.82,249.5,99.5,149.8,501.2,true,true,true,true,parametric,parametric,parametric,parametric,0,0,0,0,0,0,0,0,50,50,50,50
SystemChannel,Constant,Olm-Híbrido,ChaCha20,1000,10,100,28.6478,0.2307,0.0639,14236.9076,515.8282,142.9803,230400.00,0.00,0.00,210050100.94,36381458.38,10084425.76,252.3,100.9,145.1,501.7,true,true,true,true,parametric,parametric,parametric,parametric,1,0,0,0,0,0,0,0,50,50,50,50
SystemChannel,Constant,Olm-Híbrido,Megolm-Like,1000,10,100,28.9501,0.3323,0.0931,14289.4856,316.2102,90.4030,230400.00,0.00,0.00,222160608.84,30916607.21,8569646.30,249.6,101.2,148.4,500.7,true,true,true,true,parametric,parametric,parametric,parametric,1,3,0,4,1,1,0,0,49,47,50,50
SystemChannel,Burst,Olm-Clássico,AES-GCM,1000,10,100,16.7159,0.2001,0.0555,90673.0196,41.4055,12.3760,3200.00,0.00,0.00,218998356.52,37362580.03,10356378.81,250.5,100.3,146.9,502.3,true,true,true,true,parametric,parametric,parametric,parametric,3,7,0,0,0,3,0,0,50,43,50,50
SystemChannel,Burst,Olm-Clássico,ChaCha20,1000,10,100,16.6940,0.1717,0.0481,90690.4756,76.0012,21.7284,3200.00,0.00,0.00,223778934.08,47115508.26,13059752.59,244.3,98.7,151.1,505.8,true,true,true,true,parametric,parametric,parametric,parametric,1,3,0,0,1,1,0,0,49,47,50,50
SystemChannel,Burst,Olm-Clássico,Megolm-Like,1000,10,100,16.6854,0.2009,0.0557,90711.5600,86.5799,23.9987,3200.00,0.00,0.00,223939616.62,37505780.09,10396071.84,250.5,101.2,149.3,498.9,true,true,true,true,parametric,parametric,parametric,parametric,0,0,0,1,0,0,0,0,50,50,50,50
SystemChannel,Burst,Olm-Híbrido,AES-GCM,1000,10,100,29.6954,0.3174,0.0880,90707.5957,95.6473,26.5121,230400.00,0.00,0.00,225236461.84,36780082.93,10194918.85,250.0,99.9,153.5,496.6,true,true,true,true,parametric,parametric,parametric,parametric,2,2,0,0,0,0,0,0,50,50,50,50
SystemChannel,Burst,Olm-Híbrido,ChaCha20,1000,10,100,29.5537,0.3403,0.0943,90705.3551,71.4620,19.8083,230400.00,0.00,0.00,219716234.48,38076957.03,10554394.01,250.7,99.9,151.7,497.7,true,true,true,true,parametric,parametric,parametric,parametric,1,0,0,0,0,0,0,0,50,50,50,50
SystemChannel,Burst,Olm-Híbrido,Megolm-Like,1000,10,100,29.6781,0.3732,0.1034,90721.4159,90.2314,25.0109,230400.00,0.00,0.00,214240933.96,43427699.40,12037544.13,249.8,99.3,149.9,501.1,true,true,true,true,parametric,parametric,parametric,parametric,1,0,0,2,0,0,0,0,50,50,50,50
SystemChannel,Periodic,Olm-Clássico,AES-GCM,1000,10,100,16.6936,0.1393,0.0394,50698.6746,1363.4033,377.9161,3200.00,0.00,0.00,222686030.04,40194372.82,11141311.73,251.8,97.6,150.0,500.6,true,true,true,true,parametric,parametric,parametric,parametric,2,0,0,0,1,0,0,0,48,50,50,50
SystemChannel,Periodic,Olm-Clássico,ChaCha20,1000,10,100,16.7073,0.1649,0.0457,50256.8342,1454.8939,403.2760,3200.00,0.00,0.00,217831295.74,41528164.66,11511019.96,251.8,98.7,150.2,499.3,true,true,true,true,parametric,parametric,parametric,parametric,2,0,0,0,0,0,0,0,50,50,50,50
SystemChannel,Periodic,Olm-Clássico,Megolm-Like,1000,10,100,16.6638,0.1628,0.0451,49969.6882,1507.6689,417.9045,3200.00,0.00,0.00,216007079.64,37659858.64,10438780.24,249.9,98.7,149.6,501.8,true,true,true,true,parametric,parametric,parametric,parametric,0,1,0,0,0,0,0,0,50,50,50,50
SystemChannel,Periodic,Olm-Híbrido,AES-GCM,1000,10,100,29.5840,0.2930,0.0812,50333.1942,1545.4831,428.3860,230400.00,0.00,0.00,219494860.06,36678329.06,10166714.12,248.8,100.8,149.9,500.6,true,true,true,true,parametric,parametric,parametric,parametric,0,2,0,2,0,0,0,0,50,50,50,50
SystemChannel,Periodic,Olm-Híbrido,ChaCha20,1000,10,100,29.4732,0.3477,0.0973,50221.4549,2094.1560,580.4704,230400.00,0.00,0.00,215946173.58,29501289.99,8177340.38,246.9,102.2,147.7,503.2,true,true,true,true,parametric,parametric,parametric,parametric,1,2,0,1,1,0,0,0,49,50,50,50
SystemChannel,Periodic,Olm-Híbrido,Megolm-Like,1000,10,100,29.5191,0.2895,0.0802,50376.2813,1706.6753,473.0662,230400.00,0.00,0.00,226143656.04,44123882.04,12230516.11,252.9,98.6,150.9,497.7,true,true,true,true,parametric,parametric,parametric,parametric,1,1,0,1,0,0,0,0,50,50,50,50
SystemChannel,Random,Olm-Clássico,AES-GCM,1000,10,100,16.6548,0.1961,0.0543,38121.4471,1028.6887,285.1380,3200.00,0.00,0.00,221907966.40,35876312.32,9944406.42,253.1,99.8,149.6,497.6,true,true,true,true,parametric,parametric,parametric,parametric,0,0,0,0,0,0,0,0,50,50,50,50
SystemChannel,Random,Olm-Clássico,ChaCha20,1000,10,100,16.6969,0.2005,0.0556,37859.5269,1082.4118,300.0292,3200.00,0.00,0.00,221964368.80,40128660.73,11123097.26,247.9,100.6,151.3,500.2,true,true,true,true,parametric,parametric,parametric,parametric,3,0,0,0,0,0,0,0,50,50,50,50
SystemChannel,Random,Olm-Clássico,Megolm-Like,1000,10,100,16.6585,0.1696,0.0470,38065.8125,1087.1332,301.3379,3200.00,0.00,0.00,226808578.52,44918662.00,12450817.88,247.7,100.8,150.5,501.0,true,true,true,true,parametric,parametric,parametric,parametric,3,0,0,0,0,0,0,0,50,50,50,50
SystemChannel,Random,Olm-Híbrido,AES-GCM,1000,10,100,29.4446,0.2922,0.0818,38305.1051,1220.7526,338.3754,230400.00,0.00,0.00,219232136.92,42522691.67,11786688.78,249.2,98.8,150.6,501.4,true,true,true,true,parametric,parametric,parametric,parametric,1,2,0,1,1,0,0,0,49,50,50,50
SystemChannel,Random,Olm-Híbrido,ChaCha20,1000,10,100,29.3237,0.2948,0.0817,37904.6244,916.7423,254.1080,230400.00,0.00,0.00,212640843.00,35221529.21,9762909.80,250.1,100.1,147.7,502.1,true,true,true,true,parametric,parametric,parametric,parametric,0,0,0,0,0,0,0,0,50,50,50,50
SystemChannel,Random,Olm-Híbrido,Megolm-Like,1000,10,100,29.5771,0.3662,0.1015,37834.4298,1091.8088,302.6340,230400.00,0.00,0.00,218700571.36,38086978.43,10557171.80,250.4,100.6,149.4,499.6,true,true,true,true,parametric,parametric,parametric,parametric,0,0,0,0,0,0,0,0,50,50,50,50
SystemChannel,Realistic,Olm-Clássico,AES-GCM,1000,10,100,16.7202,0.1531,0.0424,54797.6878,1479.2542,410.0284,3200.00,0.00,0.00,218644947.86,37041399.35,10267352.07,251.5,97.0,150.9,500.6,true,true,true,true,parametric,parametric,parametric,parametric,0,0,0,1,0,0,0,0,50,50,50,50
SystemChannel,Realistic,Olm-Clássico,ChaCha20,1000,10,100,16.6764,0.1566,0.0452,54705.2484,1625.9139,450.6803,3200.00,0.00,0.00,215956304.46,33451012.94,9272147.73,248.1,99.4,150.2,502.3,true,true,true,true,parametric,parametric,parametric,parametric,4,1,0,0,1,0,0,0,46,50,50,50
SystemChannel,Realistic,Olm-Clássico,Megolm-Like,1000,10,100,16.7223,0.1660,0.0465,54956.1729,1281.6629,355.2588,3200.00,0.00,0.00,228157754.22,42884761.73,11887049.49,249.7,103.2,152.1,495.0,true,true,true,true,parametric,parametric,parametric,parametric,1,1,0,1,1,0,0,0,49,50,50,50
SystemChannel,Realistic,Olm-Híbrido,AES-GCM,1000,10,100,29.5996,0.3084,0.0872,55023.4335,1579.2139,437.7358,230400.00,0.00,0.00,226421246.50,34375023.10,9528270.28,251.2,98.1,149.6,501.2,true,true,true,true,parametric,parametric,parametric,parametric,2,0,0,0,1,0,0,0,48,50,50,50
SystemChannel,Realistic,Olm-Híbrido,ChaCha20,1000,10,100,29.6142,0.2856,0.0792,54961.5340,1459.0678,404.4330,230400.00,0.00,0.00,227051163.88,35342301.41,9796386.15,251.6,99.8,151.7,496.9,true,true,true,true,parametric,parametric,parametric,parametric,0,1,0,0,0,0,0,0,50,50,50,50
SystemChannel,Realistic,Olm-Híbrido,Megolm-Like,1000,10,100,29.7573,0.2824,0.0799,54931.5172,1503.3597,416.7100,230400.00,0.00,0.00,222089600.00,40766080.94,11299781.13,248.7,97.8,149.5,504.0,true,true,true,true,parametric,parametric,parametric,parametric,2,0,0,2,1,0,0,0,48,50,50,50
